<?xml version="1.0" encoding="UTF-8"?>
<mule xmlns:tracking="http://www.mulesoft.org/schema/mule/ee/tracking" xmlns:tls="http://www.mulesoft.org/schema/mule/tls"
	xmlns:doc="http://www.mulesoft.org/schema/mule/documentation" xmlns="http://www.mulesoft.org/schema/mule/core" xmlns:apikit="http://www.mulesoft.org/schema/mule/apikit" xmlns:http="http://www.mulesoft.org/schema/mule/http" xmlns:spring="http://www.springframework.org/schema/beans" xmlns:xsi="http://www.w3.org/2001/XMLSchema-instance" xsi:schemaLocation="http://www.mulesoft.org/schema/mule/tls http://www.mulesoft.org/schema/mule/tls/current/mule-tls.xsd
http://www.mulesoft.org/schema/mule/core http://www.mulesoft.org/schema/mule/core/current/mule.xsd
http://www.mulesoft.org/schema/mule/http http://www.mulesoft.org/schema/mule/http/current/mule-http.xsd
http://www.mulesoft.org/schema/mule/apikit http://www.mulesoft.org/schema/mule/apikit/current/mule-apikit.xsd
http://www.springframework.org/schema/beans http://www.springframework.org/schema/beans/spring-beans-3.1.xsd
http://www.mulesoft.org/schema/mule/ee/tracking http://www.mulesoft.org/schema/mule/ee/tracking/current/mule-tracking-ee.xsd">
 
    <http:listener-config name="api-httpListenerConfigHTTPS"  host="0.0.0.0" port="8088" doc:name="HTTP Listener Configuration" protocol="HTTPS">
		<tls:context>
			<tls:key-store type="jks" path="keystore.jks" alias="mule" keyPassword="circular2019" password="circular2019"/>
		</tls:context>

    </http:listener-config>
    
    <http:listener-config name="api-httpListenerConfigHTTP"  host="0.0.0.0" port="8087" doc:name="HTTP Listener Configuration" >
    </http:listener-config>
    
    <apikit:config name="api-config" raml="api.raml" consoleEnabled="false" doc:name="Router" keepRamlBaseUri="false"/>
     
    <flow name="api-main">
        <http:listener config-ref="api-httpListenerConfigHTTPS" path="/api/*" doc:name="HTTP"/>
        <apikit:router config-ref="api-config" doc:name="APIkit Router"/>

    </flow>

   
    <flow name="api-console">
        <http:listener config-ref="api-httpListenerConfigHTTPS" path="/console/*" doc:name="HTTP"/>
        <apikit:console config-ref="api-config" doc:name="APIkit Console"/>
    </flow>
    
    <flow name="get:/slikAPIs/get-all-employees:api-config">
		<flow-ref name="get-all-employees-Flow" doc:name="Flow Reference"/>
    </flow>
      <flow name="get:/slikAPIs/get-all-positions:api-config">
		<flow-ref name="get-all-positions-Flow" doc:name="Flow Reference"/>
    </flow>
      <flow name="get:/slikAPIs/get-all-departaments:api-config">
		<flow-ref name="get-all-departaments-Flow" doc:name="Flow Reference"/>
    </flow>
      <flow name="get:/slikAPIs/get-all-offices:api-config">
		<flow-ref name="get-all-offices-Flow" doc:name="Flow Reference"/>
    </flow>
    
    <flow name="delete:/slikAPIs/eliminar-empleado:api-config">
		<flow-ref name="slik-delete-empleado-flow" doc:name="slik-delete-empleado-flow"/>
	</flow>
 
 	<flow name="delete:/slikAPIs/eliminar-posicion:api-config">
		<flow-ref name="slik-delete-posicion-flow" doc:name="slik-delete-posicion-flow"/>
	</flow>
	
	<flow name="delete:/slikAPIs/eliminar-departamento:api-config">
		<flow-ref name="slik-delete-departamento-flow" doc:name="slik-delete-departamento-flow"/>
	</flow>
	
	<flow name="delete:/slikAPIs/eliminar-oficina:api-config">
		<flow-ref name="slik-delete-oficina-flow" doc:name="slik-delete-oficina-flow"/>
	</flow>
	
	<flow name="post:/slikAPIs/post-employee:api-config">
		<flow-ref name="slik-post-employee-flow" doc:name="slik-post-employee-flow"/>
	</flow>

</mule>
