<?xml version="1.0" encoding="UTF-8"?>

<mule xmlns:context="http://www.springframework.org/schema/context" xmlns:jms="http://www.mulesoft.org/schema/mule/jms"
	xmlns:tls="http://www.mulesoft.org/schema/mule/tls" xmlns:http="http://www.mulesoft.org/schema/mule/http" xmlns="http://www.mulesoft.org/schema/mule/core" xmlns:doc="http://www.mulesoft.org/schema/mule/documentation"
	xmlns:spring="http://www.springframework.org/schema/beans" 
	xmlns:xsi="http://www.w3.org/2001/XMLSchema-instance"
	xsi:schemaLocation="http://www.mulesoft.org/schema/mule/jms http://www.mulesoft.org/schema/mule/jms/current/mule-jms.xsd
http://www.springframework.org/schema/beans http://www.springframework.org/schema/beans/spring-beans-current.xsd
http://www.mulesoft.org/schema/mule/core http://www.mulesoft.org/schema/mule/core/current/mule.xsd
http://www.mulesoft.org/schema/mule/http http://www.mulesoft.org/schema/mule/http/current/mule-http.xsd
http://www.mulesoft.org/schema/mule/tls http://www.mulesoft.org/schema/mule/tls/current/mule-tls.xsd
http://www.springframework.org/schema/context http://www.springframework.org/schema/context/spring-context-current.xsd">
	
	<http:request-config name="HTTPS_Request_Slik"  host="${slik_host}" port="${slik_port}" basePath="${slik_basePath}" doc:name="HTTP Request Configuration" protocol="HTTPS" connectionIdleTimeout="${slik_timeout}">
		<tls:context>
			<tls:trust-store path="truststore.ts" password="circular2019" type="jks" insecure="true"/>
		</tls:context>
	</http:request-config>
	<jms:activemq-connector name="Active_MQ" specification="1.1" username="${activemq.queue.user}" password="${activemq.queue.url}" brokerURL="tcp://localhost:61616" validateConnections="true" maxRedelivery="2" persistentDelivery="true" doc:name="Active MQ"/>
	<spring:beans>
		<spring:bean id="Bean" name="CompararEntidadesExistentes" class="com.acqua.util.CompararEntidadesExistentes"/>
	</spring:beans>
	<context:property-placeholder location="classpath:${mule_env}.properties"/>
	
</mule>
