<?xml version="1.0" encoding="UTF-8"?>

<mule xmlns:http="http://www.mulesoft.org/schema/mule/http" xmlns:json="http://www.mulesoft.org/schema/mule/json"
	xmlns:jms="http://www.mulesoft.org/schema/mule/jms"
	xmlns:tracking="http://www.mulesoft.org/schema/mule/ee/tracking" xmlns="http://www.mulesoft.org/schema/mule/core" xmlns:doc="http://www.mulesoft.org/schema/mule/documentation"
	xmlns:spring="http://www.springframework.org/schema/beans" 
	xmlns:xsi="http://www.w3.org/2001/XMLSchema-instance"
	xsi:schemaLocation="http://www.mulesoft.org/schema/mule/json http://www.mulesoft.org/schema/mule/json/current/mule-json.xsd
http://www.mulesoft.org/schema/mule/jms http://www.mulesoft.org/schema/mule/jms/current/mule-jms.xsd
http://www.springframework.org/schema/beans http://www.springframework.org/schema/beans/spring-beans-current.xsd
http://www.mulesoft.org/schema/mule/core http://www.mulesoft.org/schema/mule/core/current/mule.xsd
http://www.mulesoft.org/schema/mule/ee/tracking http://www.mulesoft.org/schema/mule/ee/tracking/current/mule-tracking-ee.xsd
http://www.mulesoft.org/schema/mule/http http://www.mulesoft.org/schema/mule/http/current/mule-http.xsd">
	
	<flow name="post-entities-from-employees-queue-Flow" initialState="started">
		<jms:inbound-endpoint queue="employee-processed" connector-ref="Active_MQ" doc:name="JMS">
		</jms:inbound-endpoint>
		<set-variable variableName="queuePayload" value="#[payload]" doc:name="Variable"/>
		<json:json-to-object-transformer doc:name="JSON to Object" returnClass="java.util.HashMap"/>
		<set-variable variableName="idEmployee" value="#[payload.employees.username]" doc:name="Variable"/>
		<http:request config-ref="HTTPS_Request_Slik" path="employees" method="GET" doc:name="HTTP Get Employees">
			<http:request-builder>
				<http:header headerName="Authorization" value="${slik_token}"/>
			</http:request-builder>
		</http:request>
		<byte-array-to-object-transformer  doc:name="Byte Array to Object" returnClass="java.lang.Object"/>
		<json:json-to-object-transformer returnClass="java.util.HashMap" doc:name="JSON to Object"/>
		<set-payload value="#[payload.employees]" doc:name="Set Payload"/>
		<expression-component doc:name="Expression"><![CDATA[flowVars.empleadosSlik = new java.util.ArrayList();]]></expression-component>
		<foreach collection="#[payload]" doc:name="For Each">
			<expression-component doc:name="Expression"><![CDATA[flowVars.empleadosSlik.add(payload.username);]]></expression-component>
		</foreach>
		<logger level="INFO" doc:name="Logger" message="----------------------------------------------------------"/>
		<invoke object-ref="CompararEntidadesExistentes" method="CompararEntidades" methodArguments="#[flowVars.idEmployee],#[flowVars.empleadosSlik]" doc:name="Llamo Clase BambooSlik Comparator"/>
		<logger level="INFO" doc:name="Logger"/>
		<choice doc:name="Choice">
			<when expression="#[payload==true]">
				<set-payload value="#[flowVars.queuePayload]" doc:name="Set Payload"/>
				<http:request config-ref="HTTPS_Request_Slik" path="employees" method="POST" doc:name="HTTP">
					<http:request-builder>
						<http:header headerName="Authorization" value="${slik_token}"/>
						<http:header headerName="Accept" value="*/*"/>
						<http:header headerName="Content-Type" value="application/json"/>
					</http:request-builder>
				</http:request>
			</when>
			<otherwise>
				<logger message="#[flowVars.idEmployee] YA EXISTE" level="INFO" doc:name="Logger"/>
			</otherwise>
		</choice>
	</flow>
	
	<flow name="post-entities-from-offices-queue-Flow"  initialState="started">
		<jms:inbound-endpoint queue="bamboo_offices_processed" connector-ref="Active_MQ" doc:name="JMS">
		</jms:inbound-endpoint>
		<set-variable variableName="queuePayload" value="#[payload]" doc:name="Variable"/>
		<json:json-to-object-transformer doc:name="JSON to Object" returnClass="java.util.HashMap"/>
		<set-variable variableName="idOffice" value="#[payload.offices.name]" doc:name="Variable"/>
		<http:request config-ref="HTTPS_Request_Slik" path="offices" method="GET" doc:name="HTTP Get Offices">
			<http:request-builder>
				<http:header headerName="Authorization" value="${slik_token}"/>
			</http:request-builder>
		</http:request>
		<byte-array-to-object-transformer  doc:name="Byte Array to Object" returnClass="java.lang.Object"/>
		<json:json-to-object-transformer returnClass="java.util.HashMap" doc:name="JSON to Object"/>
		<set-payload value="#[payload.offices]" doc:name="Set Payload"/>
		<expression-component doc:name="Expression"><![CDATA[flowVars.oficinasSlik = new java.util.ArrayList();]]></expression-component>
		<foreach collection="#[payload]" doc:name="For Each">
			<expression-component doc:name="Expression"><![CDATA[flowVars.oficinasSlik.add(payload.name);]]></expression-component>
		</foreach>
		<logger level="INFO" doc:name="Logger"/>
		<invoke object-ref="CompararEntidadesExistentes" method="CompararEntidades" methodArguments="#[flowVars.idOffice],#[flowVars.oficinasSlik]" doc:name="Llamo Clase BambooSlik Comparator"/>
		<logger level="INFO" doc:name="Logger"/>
		<choice doc:name="Choice">
			<when expression="#[payload==true]">
				<set-payload value="#[flowVars.queuePayload]" doc:name="Set Payload"/>
				<http:request config-ref="HTTPS_Request_Slik" path="offices" method="POST" doc:name="HTTP">
					<http:request-builder>
						<http:query-param paramName="Accept" value="application/json"/>
						<http:header headerName="Authorization" value="${slik_token}"/>
						<http:header headerName="Content-Type" value="application/json"/>
					</http:request-builder>
				</http:request>
			</when>
			<otherwise>
				<logger message="#[flowVars.idOffice] YA EXISTE" level="INFO" doc:name="Logger"/>
			</otherwise>
		</choice>
	</flow>
	
	<flow name="post-entities-from-departaments-queue-Flow"  initialState="started">
		<jms:inbound-endpoint queue="bamboo_departaments_processed" connector-ref="Active_MQ" doc:name="JMS">
		</jms:inbound-endpoint>
		<set-variable variableName="queuePayload" value="#[payload]" doc:name="Variable"/>
		<json:json-to-object-transformer doc:name="JSON to Object" returnClass="java.util.HashMap"/>
		<set-variable variableName="idDepartament" value="#[payload.departments.name]" doc:name="Variable"/>
		<http:request config-ref="HTTPS_Request_Slik" path="departments" method="GET" doc:name="HTTP Get departaments">
			<http:request-builder>
				<http:header headerName="Authorization" value="${slik_token}"/>
			</http:request-builder>
		</http:request>
		<byte-array-to-object-transformer  doc:name="Byte Array to Object" returnClass="java.lang.Object"/>
		<json:json-to-object-transformer returnClass="java.util.HashMap" doc:name="JSON to Object"/>
		<set-payload value="#[payload.departaments]" doc:name="Set Payload"/>
		<expression-component doc:name="Expression"><![CDATA[flowVars.departametsSlik = new java.util.ArrayList();]]></expression-component>
		<foreach collection="#[payload]" doc:name="For Each">
			<expression-component doc:name="Expression"><![CDATA[flowVars.departametsSlik.add(payload.name);]]></expression-component>
		</foreach>
		<logger level="INFO" doc:name="Logger" message="#[payload]"/>
		<invoke object-ref="CompararEntidadesExistentes" method="CompararEntidades" methodArguments="#[flowVars.idDepartament],#[flowVars.departametsSlik]" doc:name="Llamo Clase BambooSlik Comparator"/>
		<logger level="INFO" doc:name="Logger" message="Usuario no encontrado --&gt; #[payload]"/>
		<choice doc:name="Choice">
			<when expression="#[payload==true]">
				<set-payload value="#[flowVars.queuePayload]" doc:name="Set Payload"/>
				<http:request config-ref="HTTPS_Request_Slik" path="departments" method="POST" doc:name="HTTP">
					<http:request-builder>
						<http:header headerName="Authorization" value="${slik_token}"/>
						<http:header headerName="Accept" value="application/json"/>
						<http:header headerName="Content-Type" value="application/json"/>
					</http:request-builder>
				</http:request>
			</when>
			<otherwise>
				<logger message="#[flowVars.idDepartament] YA EXISTE" level="INFO" doc:name="Logger"/>
			</otherwise>
		</choice>
	</flow>
	
	<flow name="post-entities-from-positions-queue-Flow"  initialState="started">
		<jms:inbound-endpoint queue="bamboo_positions_processed" connector-ref="Active_MQ" doc:name="JMS">
		</jms:inbound-endpoint>
		<set-variable variableName="queuePayload" value="#[payload]" doc:name="Variable"/>
		<json:json-to-object-transformer doc:name="JSON to Object" returnClass="java.util.HashMap"/>
		<set-variable variableName="idPosition" value="#[payload.positions.name]" doc:name="Variable"/>
		<http:request config-ref="HTTPS_Request_Slik" path="positions" method="GET" doc:name="HTTP Get Position">
			<http:request-builder>
				<http:header headerName="Authorization" value="${slik_token}"/>
			</http:request-builder>
		</http:request>
		<byte-array-to-object-transformer  doc:name="Byte Array to Object" returnClass="java.lang.Object"/>
		<json:json-to-object-transformer returnClass="java.util.HashMap" doc:name="JSON to Object"/>
		<set-payload value="#[payload.positions]" doc:name="Set Payload"/>
		<expression-component doc:name="Expression"><![CDATA[flowVars.positionsSlik = new java.util.ArrayList();]]></expression-component>
		<foreach collection="#[payload]" doc:name="For Each">
			<expression-component doc:name="Expression"><![CDATA[flowVars.positionsSlik.add(payload.name);]]></expression-component>
		</foreach>
		<logger level="INFO" doc:name="Logger" message="----------------------------------------------------------"/>
		<invoke object-ref="CompararEntidadesExistentes" method="CompararEntidades" methodArguments="#[flowVars.idPosition],#[flowVars.positionsSlik]" doc:name="Llamo Clase BambooSlik Comparator"/>
		<logger level="INFO" doc:name="Logger"/>
		<choice doc:name="Choice">
			<when expression="#[payload==true]">
				<set-payload value="#[flowVars.queuePayload]" doc:name="Set Payload"/>
				<http:request config-ref="HTTPS_Request_Slik" path="positions" method="POST" doc:name="HTTP">
					<http:request-builder>
						<http:header headerName="Authorization" value="${slik_token}"/>
						<http:header headerName="Accept" value="application/json"/>
						<http:header headerName="Content-Type" value="application/json"/>
					</http:request-builder>
				</http:request>
			</when>
			<otherwise>
				<logger message="#[flowVars.idPosition] YA EXISTE" level="INFO" doc:name="Logger"/>
			</otherwise>
		</choice>
	</flow>
	
</mule>

