<?xml version="1.0" encoding="UTF-8"?>

<mule xmlns:tracking="http://www.mulesoft.org/schema/mule/ee/tracking" xmlns:json="http://www.mulesoft.org/schema/mule/json"
	xmlns:http="http://www.mulesoft.org/schema/mule/http" xmlns="http://www.mulesoft.org/schema/mule/core" xmlns:doc="http://www.mulesoft.org/schema/mule/documentation"
	xmlns:spring="http://www.springframework.org/schema/beans" 
	xmlns:xsi="http://www.w3.org/2001/XMLSchema-instance"
	xsi:schemaLocation="http://www.mulesoft.org/schema/mule/json http://www.mulesoft.org/schema/mule/json/current/mule-json.xsd
http://www.springframework.org/schema/beans http://www.springframework.org/schema/beans/spring-beans-current.xsd
http://www.mulesoft.org/schema/mule/core http://www.mulesoft.org/schema/mule/core/current/mule.xsd
http://www.mulesoft.org/schema/mule/http http://www.mulesoft.org/schema/mule/http/current/mule-http.xsd
http://www.mulesoft.org/schema/mule/ee/tracking http://www.mulesoft.org/schema/mule/ee/tracking/current/mule-tracking-ee.xsd">
	
	
	<flow name="slik-delete-empleado-flow">
		<byte-array-to-string-transformer doc:name="Byte Array to String"/>
		<json:json-to-object-transformer doc:name="JSON to Object" returnClass="java.util.ArrayList"/>
		<logger level="INFO" doc:name="Logger"/>
		<expression-component doc:name="Expression"><![CDATA[flowVars.employeeProcessedOk = new java.util.ArrayList();
flowVars.employeeProcessedError = new java.util.ArrayList();]]></expression-component>
		<foreach collection="#[payload]" doc:name="For Each">
			<flow-ref name="check-empleado" doc:name="Flow Reference"/>
		</foreach>
		<expression-component doc:name="Expression"><![CDATA[payload = new java.util.HashMap();
payload.put('Processed',flowVars.employeeProcessedOk);
payload.put('Error',flowVars.employeeProcessedError);]]></expression-component>
		<logger level="INFO" doc:name="Logger"/>
		<set-property propertyName="http.status" value="#[200]" doc:name="http.status"/>
	</flow>
	<flow name="check-empleado">
		<set-variable variableName="originalPayload" value="#[payload]" doc:name="Variable"/>
		<http:request config-ref="HTTPS_Request_Slik" path="employees/#[payload]" method="GET" doc:name="HTTP">
		<http:request-builder>
					<http:header headerName="Authorization" value="${slik_token}"/>
					<http:header headerName="Accept" value="*/*"/>
				</http:request-builder>
			</http:request>
		<byte-array-to-object-transformer doc:name="Byte Array to Object"/>
		<expression-component doc:name="Expression"><![CDATA[flowVars.employeeProcessedOk.add(flowVars.originalPayload);]]></expression-component>
		<http:request config-ref="HTTPS_Request_Slik" path="employees/#[flowVars.originalPayload]" method="DELETE" doc:name="HTTP">
			<http:request-builder>
				<http:header headerName="Authorization" value="${slik_token}"/>
				<http:header headerName="Accept" value="*/*"/>
			</http:request-builder>
		</http:request>
		<catch-exception-strategy doc:name="Catch Exception Strategy">
			<logger level="INFO" doc:name="Logger"/>
			<expression-component doc:name="Expression"><![CDATA[flowVars.employeeProcessedError.add(flowVars.originalPayload);]]></expression-component>
		</catch-exception-strategy>
	</flow>
	
	
	<flow name="slik-delete-posicion-flow">
		<byte-array-to-string-transformer doc:name="Byte Array to String"/>
		<json:json-to-object-transformer doc:name="JSON to Object" returnClass="java.util.ArrayList"/>
		<logger level="INFO" doc:name="Logger"/>
		<expression-component doc:name="Expression"><![CDATA[flowVars.employeeProcessedOk = new java.util.ArrayList();
flowVars.employeeProcessedError = new java.util.ArrayList();]]></expression-component>
		<foreach collection="#[payload]" doc:name="For Each">
			<flow-ref name="check-posicion" doc:name="Flow Reference"/>
		</foreach>
		<expression-component doc:name="Expression"><![CDATA[payload = new java.util.HashMap();
payload.put('Processed',flowVars.employeeProcessedOk);
payload.put('Error',flowVars.employeeProcessedError);]]></expression-component>
		<logger level="INFO" doc:name="Logger"/>
		<set-property propertyName="http.status" value="#[200]" doc:name="http.status"/>
	</flow>
	<flow name="check-posicion">
	<set-variable variableName="originalPayload" value="#[payload]" doc:name="Variable"/>
		<http:request config-ref="HTTPS_Request_Slik" path="positions/#[payload]" method="GET" doc:name="HTTP">
		<http:request-builder>
					<http:header headerName="Authorization" value="${slik_token}"/>
					<http:header headerName="Accept" value="*/*"/>
				</http:request-builder>
			</http:request>
		<byte-array-to-object-transformer doc:name="Byte Array to Object"/>
		<expression-component doc:name="Expression"><![CDATA[flowVars.employeeProcessedOk.add(flowVars.originalPayload);]]></expression-component>
		<http:request config-ref="HTTPS_Request_Slik" path="positions/#[flowVars.originalPayload]" method="DELETE" doc:name="HTTP">
			<http:request-builder>
				<http:header headerName="Authorization" value="${slik_token}"/>
				<http:header headerName="Accept" value="*/*"/>
			</http:request-builder>
		</http:request>
		<catch-exception-strategy doc:name="Catch Exception Strategy">
			<logger level="INFO" doc:name="Logger"/>
			<expression-component doc:name="Expression"><![CDATA[flowVars.employeeProcessedError.add(flowVars.originalPayload);]]></expression-component>
		</catch-exception-strategy>
	</flow>
	
	
	<flow name="slik-delete-departamento-flow">
		<byte-array-to-string-transformer doc:name="Byte Array to String"/>
		<json:json-to-object-transformer doc:name="JSON to Object" returnClass="java.util.ArrayList"/>
		<logger level="INFO" doc:name="Logger"/>
		<expression-component doc:name="Expression"><![CDATA[flowVars.employeeProcessedOk = new java.util.ArrayList();
flowVars.employeeProcessedError = new java.util.ArrayList();]]></expression-component>
		<foreach collection="#[payload]" doc:name="For Each">
			<flow-ref name="check-departamento" doc:name="Flow Reference"/>
		</foreach>
		<expression-component doc:name="Expression"><![CDATA[payload = new java.util.HashMap();
payload.put('Processed',flowVars.employeeProcessedOk);
payload.put('Error',flowVars.employeeProcessedError);]]></expression-component>
		<logger level="INFO" doc:name="Logger"/>
		<set-property propertyName="http.status" value="#[200]" doc:name="http.status"/>
	</flow>
	<flow name="check-departamento">
	<set-variable variableName="originalPayload" value="#[payload]" doc:name="Variable"/>
		<http:request config-ref="HTTPS_Request_Slik" path="departments/#[payload]" method="GET" doc:name="HTTP">
		<http:request-builder>
					<http:header headerName="Authorization" value="${slik_token}"/>
					<http:header headerName="Accept" value="*/*"/>
				</http:request-builder>
			</http:request>
		<byte-array-to-object-transformer doc:name="Byte Array to Object"/>
		<expression-component doc:name="Expression"><![CDATA[flowVars.employeeProcessedOk.add(flowVars.originalPayload);]]></expression-component>
		<http:request config-ref="HTTPS_Request_Slik" path="departments/#[flowVars.originalPayload]" method="DELETE" doc:name="HTTP">
			<http:request-builder>
				<http:header headerName="Authorization" value="${slik_token}"/>
				<http:header headerName="Accept" value="*/*"/>
			</http:request-builder>
		</http:request>
		<catch-exception-strategy doc:name="Catch Exception Strategy">
			<logger level="INFO" doc:name="Logger"/>
			<expression-component doc:name="Expression"><![CDATA[flowVars.employeeProcessedError.add(flowVars.originalPayload);]]></expression-component>
		</catch-exception-strategy>
	</flow>
	
	
	<flow name="slik-delete-oficina-flow">
		<byte-array-to-string-transformer doc:name="Byte Array to String"/>
		<json:json-to-object-transformer doc:name="JSON to Object" returnClass="java.util.ArrayList"/>
		<logger level="INFO" doc:name="Logger"/>
		<expression-component doc:name="Expression"><![CDATA[flowVars.employeeProcessedOk = new java.util.ArrayList();
flowVars.employeeProcessedError = new java.util.ArrayList();]]></expression-component>
		<foreach collection="#[payload]" doc:name="For Each">
			<flow-ref name="check-departamento" doc:name="Flow Reference"/>
		</foreach>
		<expression-component doc:name="Expression"><![CDATA[payload = new java.util.HashMap();
payload.put('Processed',flowVars.employeeProcessedOk);
payload.put('Error',flowVars.employeeProcessedError);]]></expression-component>
		<logger level="INFO" doc:name="Logger"/>
		<set-property propertyName="http.status" value="#[200]" doc:name="http.status"/>
	</flow>
	<flow name="check-oficina">
	<set-variable variableName="originalPayload" value="#[payload]" doc:name="Variable"/>
		<http:request config-ref="HTTPS_Request_Slik" path="offices/#[payload]" method="GET" doc:name="HTTP">
		<http:request-builder>
					<http:header headerName="Authorization" value="${slik_token}"/>
					<http:header headerName="Accept" value="*/*"/>
				</http:request-builder>
			</http:request>
		<byte-array-to-object-transformer doc:name="Byte Array to Object"/>
		<expression-component doc:name="Expression"><![CDATA[flowVars.employeeProcessedOk.add(flowVars.originalPayload);]]></expression-component>
		<http:request config-ref="HTTPS_Request_Slik" path="offices/#[flowVars.originalPayload]" method="DELETE" doc:name="HTTP">
			<http:request-builder>
				<http:header headerName="Authorization" value="${slik_token}"/>
				<http:header headerName="Accept" value="*/*"/>
			</http:request-builder>
		</http:request>
		<catch-exception-strategy doc:name="Catch Exception Strategy">
			<logger level="INFO" doc:name="Logger"/>
			<expression-component doc:name="Expression"><![CDATA[flowVars.employeeProcessedError.add(flowVars.originalPayload);]]></expression-component>
		</catch-exception-strategy>
	</flow>
</mule>
