<?xml version="1.0" encoding="UTF-8"?>

<mule xmlns:http="http://www.mulesoft.org/schema/mule/http"
	xmlns:json="http://www.mulesoft.org/schema/mule/json" xmlns:tracking="http://www.mulesoft.org/schema/mule/ee/tracking" xmlns="http://www.mulesoft.org/schema/mule/core" xmlns:doc="http://www.mulesoft.org/schema/mule/documentation"
	xmlns:spring="http://www.springframework.org/schema/beans" 
	xmlns:xsi="http://www.w3.org/2001/XMLSchema-instance"
	xsi:schemaLocation="http://www.mulesoft.org/schema/mule/http http://www.mulesoft.org/schema/mule/http/current/mule-http.xsd
http://www.springframework.org/schema/beans http://www.springframework.org/schema/beans/spring-beans-current.xsd
http://www.mulesoft.org/schema/mule/core http://www.mulesoft.org/schema/mule/core/current/mule.xsd
http://www.mulesoft.org/schema/mule/ee/tracking http://www.mulesoft.org/schema/mule/ee/tracking/current/mule-tracking-ee.xsd
http://www.mulesoft.org/schema/mule/json http://www.mulesoft.org/schema/mule/json/current/mule-json.xsd">
	<flow name="slik-post-employee-flow">
		<byte-array-to-string-transformer doc:name="Byte Array to String"/>
		<json:json-to-object-transformer doc:name="JSON to Object"/>
		<logger level="INFO" doc:name="Logger"/>
		<http:request config-ref="HTTPS_Request_Slik" path="employees" method="POST" doc:name="HTTP">
					<http:request-builder>
				<http:header headerName="Authorization" value="TOKENINVALIDO"/>
				<http:header headerName="Accept" value="*/*"/>
				<http:header headerName="Content-Type" value="application/json"/>
					</http:request-builder>
				</http:request>
	</flow>
</mule>
