<?xml version="1.0" encoding="UTF-8"?>

<mule xmlns:http="http://www.mulesoft.org/schema/mule/http"
	xmlns="http://www.mulesoft.org/schema/mule/core" xmlns:doc="http://www.mulesoft.org/schema/mule/documentation"
	xmlns:spring="http://www.springframework.org/schema/beans" 
	xmlns:xsi="http://www.w3.org/2001/XMLSchema-instance"
	xsi:schemaLocation="http://www.mulesoft.org/schema/mule/http http://www.mulesoft.org/schema/mule/http/current/mule-http.xsd
http://www.springframework.org/schema/beans http://www.springframework.org/schema/beans/spring-beans-current.xsd
http://www.mulesoft.org/schema/mule/core http://www.mulesoft.org/schema/mule/core/current/mule.xsd">

<flow name="get-all-positions-Flow">
		<http:request config-ref="HTTPS_Request_Slik" path="/positions" method="GET" doc:name="HTTP">
			<http:request-builder>
				<http:header headerName="Authorization" value="${slik_token}"/>
			</http:request-builder>
		</http:request>
		<byte-array-to-object-transformer doc:name="Byte Array to Object"/>
		<logger level="INFO" doc:name="Logger" message="#[payload]"/>
		<set-property propertyName="http.property" value="#[200]" doc:name="http.property"/>
	</flow>
	


</mule>
