{
    "departments": [
        {
            "employeeCount": 0,
            "id": 32853,
            "name": "Finance",
            "path": "Finance-32853,",
            "level": 1,
            "children": [],
            "created": "2021-06-30T04:46:43+00:00",
            "updated": "2021-06-30T04:46:43+00:00"
        },
        {
            "employeeCount": 0,
            "id": 32854,
            "name": "department_name",
            "path": "department_name-32854,",
            "level": 1,
            "children": [],
            "created": "2021-06-30T04:46:50+00:00",
            "updated": "2021-06-30T04:46:50+00:00"
        }
    ]
}