{
  "Config": {
    "rules": {
      "relations": {
        "fjgodino@gmail.com": {
          "email": "fjgodino@gmail.com",
          "id": "92455890",
          "rules": {
            "rules": [
              {
                "fileRule": "^Factura+([0-9])+(.PDF|.pdf)$",
                "source": "factura",
                "destination": "jde"
              },
              {
                "fileRule": "^Remito+([0-9])+(.PDF|.pdf)$",
                "source": "remito",
                "destination": "jde"
              },
              {
                "fileRule": "^Bank+([0-9])+(.CSV|.csv)$",
                "source": "bank",
                "destination": "jde"
              }
            ]
          }
        }
      },
      "status": "",
      "valid": true
    },
    "mimes": {
      "mimes": {
        "application/pdf": "pdf",
        "text/csv": "csv",
        "application/vnd.ms-excel": "csv"
      },
      "status": "",
      "valid": true
    }
  },
  "Version": "2020-08-27-001",
  "ActiveMQ": {
    "request": {
      "type": "version"
    },
    "flagActiveMQOK": true,
    "value": {
      "agent": "1.6.0",
      "protocol": "7.2",
      "config": {
        "listenForHttpService": "true",
        "authIgnoreCerts": "false",
        "agentId": "172.23.96.1-41544-2810b07c-servlet",
        "debug": "false",
        "agentType": "servlet",
        "policyLocation": "classpath:/jolokia-access.xml",
        "agentContext": "/jolokia",
        "serializeException": "false",
        "mimeType": "text/plain",
        "dispatcherClasses": "org.jolokia.http.Jsr160ProxyNotEnabledByDefaultAnymoreDispatcher",
        "authMode": "basic",
        "streaming": "true",
        "canonicalNaming": "true",
        "historyMaxEntries": "10",
        "allowErrorDetails": "false",
        "allowDnsReverseLookup": "true",
        "realm": "jolokia",
        "includeStackTrace": "true",
        "useRestrictorService": "false",
        "debugMaxEntries": "100"
      },
      "info": {
        "product": "activemq",
        "vendor": "Apache",
        "version": "5.15.7"
      }
    },
    "timestamp": 1598619167,
    "status": 200
  }
}